time,x,y,z,rx,ry,rz,xf,yf,zf,rxf,ryf,rzf,statusx,statusy,statusz
1.4374966621398926,116.35225157202842,0.08419296282986385,-0.005175787535163891,172.4207380453461,-1.4007463924320604,38.10817768982755,116.35225157202842,98.17676545647741,1163.4797242438287,0.3638399602188635,1.452354101126531,0.9335916035248638,0,0,0
1.5937538146972656,116.43217875317521,0.1043807635386205,0.09305582221985371,172.51459644105833,-1.6850970635285145,37.87525284436401,116.43217875317521,98.2186676484626,1164.0886605745845,0.4149035458438593,1.4511619508220306,1.1900918322160954,0,0,0
1.7187473773956299,116.35278978996462,0.07414056806002385,0.10822110412423055,171.28277711683214,-1.1482298671670437,27.500180657544373,116.35278978996462,98.0047464563241,1163.5671120947277,0.08276847717216881,0.9560490042033924,-0.6626958397753377,0,0,0
1.8749985694885254,116.53546585692027,0.06666671909755498,0.181304328644093,171.78745154919685,-4.864916734451782,37.32913241965771,116.53546585692027,98.24541024973172,1164.2095722552215,-0.05241231120353789,0.2439572877202639,-0.8757724021117933,0,0,0
2.031247138977051,116.32619021286789,0.0569246807331561,0.12758872624377957,172.25432845257302,-2.0532127493292913,35.43408424058399,116.32619021286789,98.15119508729634,1162.8888295484999,0.04281538764048932,0.27312973133461227,-0.9276486688418619,0,0,0
2.1562492847442627,116.2881297061624,0.023641874218636755,0.10262523093754364,172.6093892078344,-0.07605368703922985,35.638067797488866,116.2881297061624,98.11842048673385,1163.3364684979028,0.00021505203230044574,0.21719468227400163,-1.6169265890155187,0,0,0
2.296872615814209,116.28900632423232,-0.010201978363789456,-0.07823451696600152,172.25092551036047,-1.1907362438695925,35.364782853623225,116.28900632423232,98.16015816066815,1163.4937859192441,-0.11030635864021293,0.13012678019565313,-2.172217520419814,0,0,0
2.4374990463256836,116.28812180175728,0.0021123019647550085,-0.14780690349337722,171.24006879114114,-3.576027568250862,31.783620154346867,116.28812180175728,97.98990940688945,1163.2228844642132,0.016263232893975833,-0.3485538029874963,-0.12028131500340654,0,0,0
2.5624966621398926,116.36296596465081,-0.03564753413055268,-0.330619863252154,171.89945218355973,-3.288986923790611,35.76565933949451,116.36296596465081,98.0990687087373,1163.6806362883883,0.0811116904595744,0.26886179169879454,-0.36663842364349875,0,0,0
2.7031238079071045,116.30962397807198,-0.03888694884815391,-0.14613033746271403,172.5553370238262,-2.356395153114153,39.86635134555785,116.30962397807198,98.18314624487195,1163.5753909375494,0.046661627431628314,0.10492872771652323,0.34317431414086985,0,0,0
2.8281219005584717,116.28372642708416,-0.02960630215133392,-0.10906021946397404,172.34582073235856,-2.23734238035276,37.941632805933416,116.28372642708416,98.12343203480194,1163.4448430898233,-0.025428156810940437,-0.45723446679897817,1.1253253577876197,0,0,0
2.953124523162842,116.27174190466263,-0.046132205257720944,-0.06448663097671402,172.39343377360447,-1.7447035200152021,37.12907443707296,116.27174190466263,97.99965134618354,1163.1740094181957,0.04038322785670915,-0.6270865070595759,1.817935491106926,0,0,0
3.09374737739563,116.35226628550174,-0.03510899030662573,0.08219603759098607,172.1029995725903,-2.477060068083474,36.532362916346685,116.35226628550174,98.04584985630967,1163.7775425652687,0.18951891765399603,-0.056376024359832716,1.9176048916546646,0,0,0
3.2343738079071045,116.57774357206895,-0.006637641772081187,0.29910663426236356,170.0410842657687,-9.925011375293252,36.305194013410734,116.57774357206895,98.12674274898396,1164.4501345500844,-0.13556158272938723,-1.4222102369632779,2.2920946711365433,0,0,0
3.3906214237213135,116.37405808848787,-0.033204130939045624,0.14383018326412506,171.92628075900018,-3.7705513645439717,37.1569568526333,116.37405808848787,98.05009575097117,1163.350336338752,-0.28282453212959796,-1.5662163503196058,1.076942572665987,0,0,0
3.5156235694885254,116.37296603423887,-0.043748134341762474,0.1264393088193083,172.13911371633532,-3.6329045744097708,37.89862408805614,116.37296603423887,98.06678445126789,1163.4360079679452,-0.27711849559684204,-1.4606335455383308,0.7056676830651345,0,0,0
3.65624737739563,116.35622346233056,-0.0053402887907098425,0.2288728587750101,172.3524742322266,-2.6350039703556,37.963168114805214,116.35622346233056,98.073192593696,1163.4784348494156,-0.30722667032092643,-1.5158299005100093,0.5530211310956974,0,0,0
3.7812509536743164,116.34173775155743,-0.014734209219519704,0.07592089666697993,172.16171170857226,-2.865545010830838,37.244805364727675,116.34173775155743,98.04454574239217,1163.4001531861775,-0.4391990448979929,-1.7599163875066153,-0.10934647211514523,0,0,0
3.921872138977051,116.3303551278517,-0.031044263269032563,-0.228479287388469,172.3102774440527,-2.3829909542551944,37.59899492968055,116.3303551278517,98.05502797258171,1163.3646944676884,0.23814309403231926,0.5667317089873027,0.014430186994233419,0,0,0
4.0624988079071045,116.3251140367442,-0.0021057032897835114,-0.16958301253347588,172.60645672659464,-1.553146066544407,38.47379921225377,116.3251140367442,98.09322481973933,1163.4709287181472,0.4472563781817013,1.1479602526121733,0.6665987770239814,0.640531289071716,0.640531289071716,0.640531289071716
4.218747138977051,116.3317487913076,0.008913531475553895,-0.16200045407564334,172.39355789655778,-2.074260195432327,37.97865385036676,116.3317487913076,98.07953886041817,1163.4486624265653,0.5090879193293062,1.5864578555225588,0.6695849317749846,0.6414673449414533,0.6414673449414533,0.6414673449414533
4.359374046325684,116.32649834928965,-0.004576598420419776,-0.21384367452104855,172.33570696681585,-2.054930427383038,37.43168482356357,116.32649834928965,98.06136668102793,1163.4547861856086,0.5129092608985484,1.8188078650350186,0.4537881929697121,0.6424535052367234,0.6424535052367234,0.6424535052367234
4.4999964237213135,116.29398682931489,-0.015408788091912458,-0.17132237396130892,171.712798600495,-2.645352340304945,34.2914050694839,116.29398682931489,97.97589817491922,1163.3052318909665,0.43810194090859955,1.938936768424879,-0.12707388162486585,0.6586690519637804,0.6586690519637804,0.6586690519637804
4.624999046325684,116.33904491623386,-0.004655244449358532,0.02931046542344691,171.9422943987241,-2.8816169939016065,36.44552770894582,116.33904491623386,98.05088632692407,1163.5309185018257,0.016357511210767693,0.6606875847644863,-0.525200493905589,0.6574080195234259,0.6574080195234259,0.6574080195234259
4.796871662139893,116.34613043742083,-0.011492872750187713,0.01670128148801264,172.21334348322344,-2.770208434107191,38.03354265560165,116.34613043742083,98.0914594299364,1163.517612609665,-0.15177895483978338,0.10040556375551639,-0.7802669335050906,0.6556333767449644,0.6556333767449644,0.6556333767449644
4.9218738079071045,116.3444361720927,-0.015878412829645264,0.018749592669070093,172.07172219001052,-3.082732527679878,37.40985660498881,116.3444361720927,98.0654386812609,1163.4729743601451,-0.2447187150017356,-0.30402249503920287,-0.8924283616561204,0.644676367892274,0.644676367892274,0.644676367892274
5.062496662139893,116.32698028122995,-0.010225276918814632,0.024926791132344858,172.4302605941108,-2.0796528596817225,38.15619072735066,116.32698028122995,98.08451600226823,1163.4721743424054,-0.22435844530563362,-0.3947237418274607,-0.6854915314378948,0.6172192243022578,0.6172192243022578,0.6172192243022578
5.203123092651367,116.37093536209184,0.014123417419291524,0.1110462655960348,172.2737486773916,-2.4917838662922414,37.36466023784475,116.37093536209184,98.06323427848483,1163.7620145434184,-0.06672046406363613,-0.40512199273686295,0.255256793322749,0.6174571826587361,0.6174571826587361,0.6174571826587361
5.343747615814209,116.34331337495496,0.012020276390101914,0.08244654737602358,171.9394434875902,-3.1786473766785885,36.44655472875628,116.34331337495496,98.033271295056,1163.5139245701864,-0.009724287191739137,-0.3736540515941464,0.4354711235962664,0.6170665694519323,0.6170665694519323,0.6170665694519323
5.484373092651367,116.35211652664954,0.005019190817124032,0.09091643021021843,171.94481968011894,-3.2967591725068752,36.511009442259095,116.35211652664954,98.04445130697873,1163.6114547669222,0.009843869466346244,-0.2691486227452133,0.26982026218424354,0.6171159350607377,0.6171159350607377,0.6171159350607377
5.624996185302734,116.33381742604493,0.00408142207625242,0.08749286400820538,172.08507943796135,-2.892803365783234,36.82445625647984,116.33381742604493,98.04540410197187,1163.4756198537348,0.0628127820559919,-0.0797719796485254,0.2671973692675007,0.6076284457732403,0.6076284457732403,0.6076284457732403
5.765624284744263,116.33088349360958,-0.007235460910113904,0.09377259444610057,172.0120557264419,-3.03248773939302,36.64689080020847,116.33088349360958,98.03548537510858,1163.5366297717721,-0.017993684692052727,-0.22367464563029155,-0.0847532160757562,0.583020699313514,0.583020699313514,0.583020699313514
5.921872138977051,116.33998280171568,-0.024165995044203473,-0.017572901108269007,171.9804352713849,-3.2054491916073378,36.8348472311285,116.33998280171568,98.04022149610933,1163.504116281808,-0.14951898461878899,-0.3547227831836522,-0.6393870764059563,0.5613443356261985,0.5613443356261985,0.5613443356261985
6.062499046325684,116.35675244455602,-0.015755976933197597,-0.0003617013297429393,172.1223660203893,-3.0597578397901617,37.76155453521668,116.35675244455602,98.07265142748162,1163.6085908560444,-0.12385356161275636,-0.29775465799567524,-0.44753246091803783,0.5062982029413114,0.5062982029413114,0.5062982029413114
6.187497138977051,116.32854461254487,-0.0052815249750611665,-0.03916492107098189,172.34299088619386,-2.461610625994896,38.02319313564478,116.32854461254487,98.06372705721701,1163.4597456303838,-0.018499546267329116,-0.0825732185716903,0.032026940797194536,0.4747959654632781,0.4747959654632781,0.4747959654632781
6.3281238079071045,116.32138401727867,-0.003409488956548411,-0.04785507983387342,172.15059569728726,-2.6529124915717275,36.99519524871948,116.32138401727867,98.03721591996015,1163.4232720961566,-0.010257092808532061,-0.07467779890704082,0.1515153276277217,0.45036541161458893,0.45036541161458893,0.45036541161458893
6.453121900558472,116.32953033818997,0.0006573096724097441,-0.07271249423299773,171.86644395392824,-3.298299117834985,35.935177718894316,116.32953033818997,98.0121386383666,1163.4494659860857,0.033229602838959205,0.03431239333962442,0.2810236926539285,0.42455393832211274,0.42455393832211274,0.42455393832211274
6.609374046325684,116.32262266155703,-0.001620836739341474,-0.042892039443526674,171.94019838537906,-2.9358569365739933,36.12425479587548,116.32262266155703,98.00284366311485,1163.429244181863,0.07281158619520403,0.18926751296103472,0.24898610483060818,0.3900073826363855,0.3900073826363855,0.3900073826363855
6.734372615814209,116.33925324790255,-0.01409280386121769,-0.08063403966422585,171.9210753103691,-3.388837958017444,36.73948416762394,116.33925324790255,98.03420843845879,1163.470721080138,0.012247700169935143,0.1199584744145398,-0.1218325582409624,0.386330085693005,0.386330085693005,0.386330085693005
6.874999046325684,116.35357785791584,-0.020865745115129886,-0.04724010846145982,171.9545768478216,-3.3233304975272833,36.94859436980349,116.35357785791584,98.0406715925316,1163.5167476958416,-0.11360568359099137,-0.1515401713851584,-0.5357164790841351,0.3696028409511619,0.3696028409511619,0.3696028409511619
7.015622138977051,116.33930148620655,-0.017379157262449527,-0.01936158149415989,172.70405350876416,-1.759736020779364,38.62261419365093,116.338875,98.05082,1163.5452,-0.12061570434745503,-0.2124826851314465,-0.5255957227589161,0.33499941181655446,0.33499941181655446,0.33499941181655446
7.156249284744263,116.34079617809627,-0.007458839535593626,0.009092331969853798,172.12017209201997,-3.0686707010546717,37.290395578087036,116.3394,98.05138,1163.5394,-0.048809659846450686,-0.09866032423953122,-0.1966518213513655,0.2818619934397819,0.2818619934397819,0.2818619934397819
7.29687237739563,116.41414070007013,0.006588158376867898,0.028217858730487114,171.1199859612638,-6.732869589859049,36.51419797161679,116.36105,98.05216,1163.4724,-0.051941927320634386,-0.30744469635906996,0.07839855972469752,0.21248767673640467,0.21248767673640467,0.21248767673640467
7.437499761581421,116.36033882162289,0.014059516896349235,0.051503312336079105,171.56777962935476,-4.15503421693006,35.213243288626046,116.36338,98.04298,1163.4806,-0.044080097763770296,-0.36963672716836304,0.2141021527596457,0.20124547300015036,0.20124547300015036,0.20124547300015036
7.578122854232788,116.33060058269314,0.01704664300706153,0.037223018235391335,171.87236671296165,-3.125555800106944,35.88163149906764,116.35601,98.036285,1163.4845,-0.012393299995986626,-0.33135866068752634,0.28489523655489035,0.1938037443129613,0.1938037443129613,0.1938037443129613
7.718749046325684,116.34818864384826,0.01410776490066179,0.013218767930947336,172.3912105537714,-2.3096616525253126,37.87340421652071,116.35442,98.04716,1163.5181,-0.05515242430792771,-0.420984390760089,0.1602732035858093,0.1797612515014513,0.1797612515014513,0.1797612515014513
7.859371900558472,116.36850652044494,0.006983166243069216,-0.008588150497408872,171.73183980360324,-4.302239785799363,37.1133683011138,116.35881,98.04498,1163.4921,-0.15368576485276955,-0.6425604408628356,-0.13270061190541427,0.17528591323686715,0.17528591323686715,0.17528591323686715
7.984374284744263,116.27125015259288,-0.008282063431957228,-0.06106132888105859,171.36473829424216,-4.93137343593191,35.24084533395214,116.33421,98.00607,1163.1876,-0.17017247748075437,-0.5037378832782368,-0.4100218281205011,0.1779153114641976,0.1779153114641976,0.1779153114641976
8.12499737739563,116.33294266431052,-0.016081450885472186,-0.10658602364234399,171.90889314746562,-3.206804169395131,36.24688906952161,116.33153,98.003,1163.2059,-0.14722467971762132,-0.34844344316176706,-0.429005896562599,0.17483828626968959,0.17483828626968959,0.17483828626968959
8.265624284744263,116.35425607314974,-0.020275844,-0.1387693,171.71960032875765,-3.918367807096104,36.45076379871722,116.336105,98.0057,1163.2509,-0.12202127,-0.2452644,-0.33195743,0.17305014741899669,0.17305014741899669,0.17305014741899669
8.406247615814209,116.35592705913591,-0.024426302,-0.16376975,172.00755960670432,-3.192582699281345,37.069796652653984,116.34093,98.01751,1163.3346,-0.101562634,-0.1596165,-0.2804966,0.1704793813697963,0.1704793813697963,0.1704793813697963
8.531249523162842,116.36162670761797,-0.026181718,-0.1704902,172.00038353278828,-3.2652164615508066,37.22817550161601,116.34681,98.02968,1163.4167,-0.055157144,0.010312992,-0.2232863,0.16991251641894575,0.16991251641894575,0.16991251641894575
8.687496900558472,116.34485741242418,-0.0147583345,-0.07910174,171.82044612158984,-3.387113869564188,36.0002570152442,116.34685,98.02929,1163.4601,-0.00664064,0.1315057,-0.075589165,0.16085025174763384,0.16085025174763384,0.16085025174763384
8.828124046325684,116.34757295849846,-0.0037719691,0.0076171802,172.0102199149862,-3.23269891525855,36.96756271427931,116.3475,98.03169,1163.4735,0.01973875,0.17613527,0.028683444,0.15751006241888535,0.15751006241888535,0.15751006241888535
8.96874713897705,116.32249874850456,0.005187996,0.07919934,172.14457319985942,-2.7617957276544733,36.90660893168385,116.34067,98.03116,1163.4642,0.06522227,0.29171187,0.10428483,0.1620352487288819,0.1620352487288819,0.1620352487288819
9.093749284744263,116.32978330702713,0.012163742,0.12697761,172.05530366700452,-3.2135173265464947,37.117295376138294,116.33701,98.03059,1163.4395,0.12126658,0.4226346,0.20148979,0.1697958776401641,0.1697958776401641,0.1697958776401641
9.234371662139893,116.34286966806317,0.0146301575,0.14365265,172.04454722210428,-3.0520016128526177,36.911744671713464,116.33792,98.030655,1163.4556,0.15076935,0.4723124,0.24965873,0.17724273239281393,0.17724273239281393,0.17724273239281393
9.359375238418579,116.33266887698062,0.010457847,0.09622209,172.00672945338135,-3.0312936849038543,36.53996395320589,116.33594,98.02568,1163.4288,0.16160218,0.45663965,0.27629545,0.18318997838177295,0.18318997838177295,0.18318997838177295
9.499996662139893,116.35596573432866,0.005105331,0.0468751,171.98746149064152,-3.368285104833031,36.986772022147555,116.34116,98.02731,1163.4371,0.15892044,0.42316362,0.25492662,0.1898665080059045,0.1898665080059045,0.1898665080059045
9.640624523162842,116.36356994555888,0.0013288646,0.012954885,172.04464357562964,-3.2937555293922123,37.13599645257689,116.34784,98.03329,1163.4689,0.12875772,0.309475,0.22016814,0.18772484707420695,0.18772484707420695,0.18772484707420695
9.78124713897705,116.36590597646797,-0.0006835951,0.0023437545,171.72052174778463,-4.010629324443964,36.213306388414175,116.35398,98.03111,1163.4796,0.08251969,0.17301287,0.14104337,0.18200148865169066,0.18200148865169066,0.18200148865169066
9.921874284744263,116.36092705545666,-0.0008467646,0.0025711975,171.87789984130654,-3.554437819694643,36.588988078795886,116.35736,98.0308,1163.4946,0.035564113,0.0314456,0.076789804,0.1810797797255106,0.1810797797255106,0.1810797797255106
10.062496185302734,116.33444466945073,-0.0005191863,0.015723929,171.95379171654182,-3.1212523211606955,36.17344196638096,116.35212,98.02402,1163.4786,-0.014388878,-0.10344208,-0.019107912,0.17893343722042948,0.17893343722042948,0.17893343722042948
10.187499046325684,116.35432638720482,-1.2520012e-05,0.03135011,172.0127624329973,-3.156722618287722,36.86216792383546,116.35316,98.02612,1163.4948,-0.05189545,-0.19303629,-0.10349356,0.17573882810730776,0.17573882810730776,0.17573882810730776
10.31249713897705,116.34805264074006,-0.0016463872,0.03255214,172.00239267240474,-3.0599219685131516,36.592926904763296,116.35209,98.02542,1163.4807,-0.07681053,-0.21937208,-0.204465,0.1733772701365234,0.1733772701365234,0.1733772701365234
10.453124046325684,116.31820745720125,-0.0035494221,0.021834893,172.11267217094328,-2.474029049759253,36.42722572722657,116.34246,98.02012,1163.4542,-0.059394915,-0.12011089,-0.22837746,0.17005058019511743,0.17005058019511743,0.17005058019511743
10.593748569488525,116.32880968322374,-0.0047592036,0.011372642,172.29404253471742,-2.167367166644171,37.02978427386537,116.337524,98.0231,1163.4706,-0.013758425,0.059140634,-0.2014101,0.15979880307484698,0.15979880307484698,0.15979880307484698
10.718749284744263,116.35646694770665,-0.0039876215,0.0033052813,172.16370799100048,-2.804696766156004,37.11481802548446,116.34171,98.02749,1163.4789,0.037935615,0.23083173,-0.1152623,0.14895993620658307,0.14895993620658307,0.14895993620658307
10.843748807907104,116.32561093937598,-0.0038174738,-0.0117694875,172.15569986585936,-2.494213928292351,36.53642808430482,116.3366,98.02626,1163.461,0.087434106,0.39492723,-0.048146464,0.14258488,0.14258488,0.14258488
10.984374046325684,116.30724974004895,-0.003722346,-0.019379027,172.03847966613847,-2.378957970705921,35.53908991780037,116.327194,98.01809,1163.447,0.12997139,0.5413839,-0.015954724,0.14311649,0.14311649,0.14311649
11.109372615814209,116.31091646647994,-0.0043110154,-0.0215872,171.90762036889558,-2.918919677543506,35.37051241138755,116.32073,98.00593,1163.4169,0.13535689,0.56342036,-0.053290192,0.14560235,0.14560235,0.14560235
11.249999284744263,116.33339162795082,-0.0066945753,-0.026726903,171.88089530975572,-3.190332943876649,35.70949153018966,116.32237,98.00128,1163.4169,0.09453357,0.44548842,-0.17238532,0.14771987,0.14771987,0.14771987
11.421871900558472,116.35003391921872,-0.010272467,-0.032436766,171.93228860327494,-3.2950703937900814,36.44972212029631,116.329094,98.00733,1163.4369,0.03532937,0.28755623,-0.33652216,0.15245748,0.15245748,0.15245748
11.562499046325684,116.34552222715118,-0.011041243,-0.029492142,172.23348633498512,-2.599196729429467,37.493237754279065,116.333694,98.020744,1163.4431,-0.01413572,0.13015346,-0.40917295,0.1581403,0.1581403,0.1581403
11.70312237739563,116.36013504505912,-0.008093272,-0.021972686,172.0803820519487,-2.992796419124584,37.17625036463771,116.341774,98.029236,1163.46,-0.053027414,-0.05478046,-0.34056443,0.16094647,0.16094647,0.16094647
11.828124046325684,116.37231461474289,-0.00067988504,-0.008900313,171.84741977476259,-3.8563117993699962,37.04533152425777,116.35185,98.03807,1163.4625,-0.076888815,-0.226839,-0.15136713,0.15894696,0.15894696,0.15894696
11.98437213897705,116.36632035989865,0.009916346,0.010416685,172.06461852803963,-3.291693890571106,37.27935391968402,116.35811,98.046394,1163.4844,-0.063392274,-0.30684838,0.14401005,0.15492766,0.15492766,0.15492766
12.140624046325684,116.35644578208424,0.019384174,0.030402856,172.13009444534612,-2.8697770444305424,37.04382851176309,116.359856,98.05012,1163.526,-0.03053228,-0.315107,0.42861086,0.15468062,0.15468062,0.15468062
12.281246900558472,116.35769426135789,0.024867088,0.048098724,172.0478313537512,-3.0185956496988697,36.77979914920344,116.361046,98.050766,1163.5405,-0.014636696,-0.33030203,0.58074385,0.15968117,0.15968117,0.15968117
12.406249046325684,116.32826856505342,0.02470818,0.05308729,171.93649217008064,-2.9375647133681797,35.98674810739575,116.35302,98.039375,1163.5055,-0.00955383,-0.30398342,0.56292295,0.16622216,0.16622216,0.16622216
12.546872854232788,116.32086028436788,0.017719334,0.045745533,171.90837260372385,-2.922642743789152,35.63820675727243,116.34384,98.024925,1163.4598,-0.00030591147,-0.19173811,0.39319038,0.1696519,0.1696519,0.1696519
12.718748092651367,116.33964001210845,0.00758306,0.028990937,172.17119083759874,-2.786469848257037,36.99354481448551,116.34165,98.02577,1163.4431,0.0035179749,-0.06763663,0.15798236,0.17020102,0.17020102,0.17020102
12.843749046325684,116.37176904460306,-0.0013219322,0.0072408537,172.01389687829348,-3.531305818658025,37.473088643030806,116.3494,98.03522,1163.4731,-0.008014958,-0.014183789,-0.04776522,0.16997258,0.16997258,0.16997258
12.968749761581421,116.35489117765586,-0.0077642603,-0.014274664,172.0590022551746,-3.168746528999274,37.06274911361044,116.35119,98.04015,1163.5007,-0.009367748,0.038965598,-0.17146476,0.16944198,0.16944198,0.16944198
13.09374737739563,116.36098408443455,-0.006468228,-0.017361134,172.65356986001981,-2.347214593569872,39.1299187523807,116.35438,98.05773,1163.5317,0.028886998,0.102561235,-0.06478175,0.16727024,0.16727024,0.16727024
13.218749284744263,116.37028652399327,0.0008900301,-0.0027689824,171.8379425869083,-3.8707080005894663,36.9350839986728,116.359604,98.05816,1163.5497,0.05592356,0.065458156,0.16246758,0.16596685,0.16596685,0.16596685
13.343747854232788,116.37629903614146,0.009397838,0.0214083,171.77346353893034,-4.174728983879345,36.98283366500255,116.36549,98.0562,1163.5479,0.054167565,-0.06370234,0.3792015,0.16817518,0.16817518,0.16817518
13.468749046325684,116.36504941654246,0.015168815,0.038240064,171.9365392219096,-3.762792268499058,37.43532500897369,116.36681,98.053925,1163.5197,0.0522974,-0.15639086,0.5356468,0.17387097,0.17387097,0.17387097
13.60937213897705,116.35218787602669,0.017349865,0.038555257,171.8799243420813,-3.7497661649142113,36.5921384090549,116.36379,98.04385,1163.4657,0.03916402,-0.24814774,0.60656995,0.18009445,0.18009445,0.18009445
13.734374523162842,116.333831583001,0.011127657,0.016036162,172.0384483171695,-3.126324352367305,37.038516784544065,116.35565,98.03772,1163.4204,-0.0364026,-0.39237157,0.41301146,0.18099697,0.18099697,0.18099697
21.02713370323181,116.33878850064887,0.00024793463,-0.0033939495,172.04534784871984,-3.0657262321417584,36.96291686580758,116.35021,98.03564,1163.4044,-0.012282865,-0.059651434,0.024807237,0.17357126,0.17357126,0.17357126
21.183383464813232,116.358867597164,-0.0010959731,-0.0094118295,171.82736524363878,-3.6921705822621087,36.33983656520791,116.35168,98.03063,1163.4011,-0.0146117555,-0.04811947,-0.008080286,0.16802754,0.16802754,0.16802754
21.324007034301758,116.36599901758004,-0.0020654888,-0.01260843,172.0931500882184,-3.0317285701797627,37.0535587150012,116.35524,98.03203,1163.4316,-0.014462074,-0.031001737,-0.03658664,0.16310896,0.16310896,0.16310896
21.46463370323181,116.42788286574587,-0.002101735,-0.009887086,171.75406269672862,-4.319204039933486,37.301093558061076,116.37624,98.045845,1163.5437,-0.013558287,-0.016425302,-0.050193734,0.15824997,0.15824997,0.15824997
21.60525941848755,116.35715600579377,-0.0015237847,-0.0040173335,171.87748244471172,-3.2610007718318705,36.27922715977766,116.373146,98.04185,1163.5537,-0.0093846945,-0.00022873828,-0.050056558,0.15479013,0.15479013,0.15479013
21.73025894165039,116.35565563285571,-0.0010097916,0.0034351107,171.784703837693,-3.426671249436695,35.70765195575581,116.369484,98.034676,1163.5717,-0.00900261,0.004443907,-0.056886744,0.15235889,0.15235889,0.15235889
21.870882034301758,116.34929054346645,-0.00043403867,0.010692969,171.8832692470702,-3.332716658305952,36.194318644948964,116.364235,98.02918,1163.5593,-0.008649901,0.006461149,-0.05755643,0.14901447,0.14901447,0.14901447
21.995884656906128,116.34078765531497,-0.000112805516,0.015356106,171.9367818082636,-3.05184831016023,35.90855140639014,116.35728,98.02359,1163.5383,-0.010561871,0.0021068307,-0.062309127,0.1411426,0.1411426,0.1411426
22.152133226394653,116.33105596115917,-0.00047945656,0.012906354,172.38215138508565,-1.8037816204444643,37.47079261175829,116.348755,98.0324,1163.5209,-0.0069190385,0.019014837,-0.06867377,0.12771295,0.12771295,0.12771295
22.29275941848755,116.3415723920356,-0.007589454,0.051311698,171.8972806489491,-3.0238644427007695,35.70990278091852,116.34501,98.01806,1163.4698,-0.017650453,0.23406348,-0.47884992,0.12396325,0.12396325,0.12396325
22.433382987976074,116.34913745791755,-0.00994263,0.0070312526,172.03516140286212,-3.1268398949731337,36.836432376236935,116.34457,98.01964,1163.4578,0.02899171,0.35223135,-0.38754898,0.12682009,0.12682009,0.12682009
22.57400894165039,116.32334366479326,-0.012243634,-0.039648376,172.09999687962858,-2.602611872507072,36.26913503835716,116.33719,98.01336,1163.4257,0.073840216,0.4572682,-0.29227862,0.13543323,0.13543323,0.13543323
22.745882987976074,116.3527882449894,-0.013546835,-0.07612428,171.56870892277172,-4.179582463644006,35.47685238533033,116.33994,98.004875,1163.4048,0.09628674,0.47202215,-0.1758409,0.14324082,0.14324082,0.14324082
22.886510372161865,116.34932095496993,-0.01601204,-0.09184445,171.81295304304828,-3.6673114591373284,36.00332027914919,116.3417,98.00317,1163.3973,0.059141535,0.28609538,-0.16215988,0.14567769,0.14567769,0.14567769
23.027132749557495,116.33954063387067,-0.0138777895,-0.08753773,172.0304778475504,-2.987288611345915,36.304034601916534,116.34058,98.00689,1163.4069,0.030167572,0.1141546,-0.10254504,0.14621778,0.14621778,0.14621778
23.167758226394653,116.33496511587046,-0.012983563,-0.07934857,172.05733447162024,-2.844464952167189,36.418636589984494,116.33848,98.010414,1163.3962,-0.0043768785,-0.025651656,-0.12822665,0.14618531,0.14618531,0.14618531
23.324007511138916,116.3237498240784,-0.010104566,-0.06488981,172.17174432901126,-2.608329046407677,36.88130301689878,116.333626,98.014626,1163.3754,-0.03830429,-0.16452968,-0.12740427,0.14337079,0.14337079,0.14337079
23.44900918006897,116.3369510327164,-0.005606406,-0.052804932,171.98692277630778,-3.2738731895901276,36.78727476818215,116.333595,98.01692,1163.3606,-0.03174414,-0.18739985,-0.057431832,0.13497277,0.13497277,0.13497277
23.589632749557495,116.35181862333259,0.002264922,-0.034826852,171.95585870752507,-3.4435610010419517,36.95502251456658,116.33814,98.025,1163.3907,0.008189017,-0.09924145,0.10888686,0.12134122,0.12134122,0.12134122
23.71463370323181,116.31438135792466,0.0067347046,-0.02305639,172.29334591448753,-1.8164359043334244,36.261507468031716,116.33127,98.02413,1163.4216,0.04879237,0.032967713,0.21683249,0.11168879,0.11168879,0.11168879
23.870882511138916,116.33139428060566,0.010753965,-0.0076242555,172.11537210230088,-2.768282991388814,36.85884145574148,116.33051,98.02775,1163.4342,0.08246668,0.13557687,0.33154628,0.11677224,0.11677224,0.11677224
24.011509656906128,116.30877667785856,0.01248431,0.011188257,172.24069392891423,-2.017102219627502,36.33854662419145,116.32356,98.02512,1163.4448,0.11181023,0.2515715,0.37693152,0.124282956,0.124282956,0.124282956
24.13650870323181,116.32000713994103,0.011071792,0.034082077,171.80360327351926,-3.118564233461311,35.480734874392006,116.32125,98.019196,1163.4586,0.10592055,0.30948547,0.28090858,0.13000908,0.13000908,0.13000908
24.292759656906128,116.33279440904542,0.006178858,0.04745363,171.88050572908335,-3.134920844071374,36.16852541664902,116.323395,98.01671,1163.4708,0.08616644,0.34724638,0.10686109,0.13386711,0.13386711,0.13386711
24.433382749557495,116.34967631014923,0.0013864782,0.051697552,171.50434079719295,-4.226948736191546,35.292597669857415,116.330376,98.01104,1163.4637,0.021243256,0.21112595,-0.07976168,0.13519873,0.13519873,0.13519873
24.589633226394653,116.34807365119504,-0.003984614,0.052276205,171.76475907132718,-3.58386718222449,36.231206769610054,116.33585,98.011116,1163.4749,-0.051649276,0.05159634,-0.27977896,0.13791157,0.13791157,0.13791157
24.730257272720337,116.31429537572073,-0.008616391,0.034394108,172.03477031940932,-2.603397959573769,35.814996706174554,116.330505,98.005714,1163.4045,-0.12134402,-0.13265675,-0.43076593,0.14474465,0.14474465,0.14474465
24.85525941848755,116.35331000428641,-0.010669836,0.011381158,171.86755460793216,-3.7019356399557393,36.494177373150336,116.33713,98.00913,1163.4078,-0.16685934,-0.31678298,-0.4469787,0.15411937,0.15411937,0.15411937
25.027132511138916,116.38005961682538,-0.007981081,-0.005766374,171.93284647653107,-3.7503267846711394,37.26044725918301,116.350334,98.02357,1163.4414,-0.1857098,-0.4825028,-0.34352943,0.16404107,0.16404107,0.16404107
25.152135372161865,116.36440892557233,-0.0028224974,-0.01162345,171.99315979817615,-3.2970206239760422,36.809712209584376,116.35651,98.03227,1163.469,-0.14872299,-0.48082384,-0.15531775,0.16359866,0.16359866,0.16359866
25.292758226394653,116.37635981165153,0.002578366,-0.025152467,171.54938472370418,-5.057495380287047,37.74328712138316,116.36449,98.02902,1163.4288,-0.104004025,-0.48456386,0.1083926,0.16289063,0.16289063,0.16289063
25.41775941848755,116.38761640573514,0.01237971,-0.003144053,172.1052354475634,-3.6918535327908364,38.294289625654145,116.373726,98.04904,1163.5055,-0.052734345,-0.49997702,0.45901984,0.16681984,0.16681984,0.16681984
25.57400870323181,116.37278769530278,0.021335525,0.026867397,171.98332265228467,-3.594273324992129,37.28461600033866,116.37637,98.05642,1163.5487,-0.008145967,-0.47389573,0.728275,0.17860767,0.17860767,0.17860767
25.699008464813232,116.39073184499587,0.027060412,0.054398116,172.02906693940136,-3.6288757733481543,37.625241641104886,116.38295,98.06501,1163.5846,0.029345084,-0.41814747,0.91033053,0.19855107,0.19855107,0.19855107
25.839632749557495,116.36866111484682,0.029559337,0.07314456,172.04317586287814,-3.389755959292033,37.16275523297004,116.38133,98.06703,1163.5869,0.038146988,-0.41552407,0.9899479,0.22117935,0.22117935,0.22117935
25.964635133743286,116.3407895567281,0.0328013,0.10087002,172.21409999458342,-2.697044696457629,37.39232603728256,116.37125,98.06467,1163.5483,0.08369987,-0.23388347,0.9499397,0.23837483,0.23837483,0.23837483
26.105258226394653,116.35891663065149,0.028204372,0.08945321,172.11162780793816,-3.2414961769383366,37.51586110926633,116.3677,98.066185,1163.5428,0.11390392,-0.0069753714,0.72625804,0.24638788,0.24638788,0.24638788
26.230259895324707,116.35954234724919,0.023481842,0.07041382,172.251556117243,-2.6949698575907806,37.47504510793193,116.364944,98.06869,1163.5544,0.1490967,0.21723121,0.531826,0.25061226,0.25061226,0.25061226
26.370882272720337,116.32745255231123,0.014817496,0.039863884,172.10345968975477,-2.6133701025282243,36.04762532508291,116.3535,98.05553,1163.5475,0.16776885,0.42849293,0.24940906,0.25378457,0.25378457,0.25378457
26.511508226394653,116.32360454840726,0.005151993,0.008914263,172.02864899818286,-2.7643893258955683,36.12012998663838,116.34309,98.04286,1163.515,0.17823517,0.6240669,-0.03884966,0.25920936,0.25920936,0.25920936
26.65213418006897,116.40439876663399,-5.5626988e-05,-0.004647944,172.2357401959962,-3.2619666625275867,39.15785636139296,116.35833,98.06854,1163.5854,0.15125597,0.62091213,-0.16162421,0.2639253,0.2639253,0.2639253
26.79275941848755,116.37501726536631,-0.0033741468,-0.0032051264,171.98114926874243,-3.480211076600674,37.24539828524668,116.36311,98.06317,1163.5889,0.12335981,0.5808597,-0.22420861,0.26720595,0.26720595,0.26720595
26.933382749557495,116.34565904111767,-0.0064156484,-0.001483387,172.29875468146153,-2.4933315811797083,37.548697830521924,116.35859,98.06191,1163.5712,0.08597463,0.48767388,-0.25900555,0.26966006,0.26966006,0.26966006
27.07400894165039,116.34333931912404,-0.0045923116,0.0039556925,172.0597873537332,-3.051166669366392,37.08978487374766,116.354034,98.05724,1163.5432,0.05101607,0.3400055,-0.1529524,0.27003166,0.27003166,0.27003166
27.214633226394653,116.43712253472363,0.0038269102,0.03310552,171.5346284776636,-5.333615218115417,37.119163667782516,116.37743,98.07096,1163.6263,0.00083007937,0.063914016,0.04149176,0.2693554,0.2693554,0.2693554
27.355259656906128,116.37527774763697,0.0039742393,0.037183553,171.9680357753358,-3.655495209725491,37.464078910931676,116.37907,98.073074,1163.6449,-0.052165754,-0.1526391,0.046130225,0.26834884,0.26834884,0.26834884
27.495883226394653,116.42650535919924,0.008897581,0.04938278,172.04610876830213,-3.8467823649556236,38.38079232574683,116.39461,98.091896,1163.7189,-0.08170584,-0.3198836,0.11008948,0.26638678,0.26638678,0.26638678
27.620882987976074,116.3710224007781,0.014825431,0.06337887,172.14017148320713,-3.3590539990863846,38.07662283474894,116.39091,98.0915,1163.6708,-0.114184506,-0.50218135,0.18503407,0.2652826,0.2652826,0.2652826
27.745882511138916,116.35078563697816,0.0181035,0.074960485,171.995630179981,-3.327248383859444,36.81742096288676,116.38114,98.07803,1163.6056,-0.13912933,-0.6341846,0.1838009,0.26573414,0.26573414,0.26573414
27.917759656906128,116.35547191106676,0.0122311395,0.044174366,171.89743417323135,-3.600270048981791,36.655598003053605,116.37392,98.064735,1163.555,-0.11172594,-0.5062305,0.10471519,0.26528648,0.26528648,0.26528648
28.042757749557495,116.34430860787968,0.008428967,0.01132814,172.04996232002915,-3.231638342233561,37.014482117342304,116.36466,98.05289,1163.4954,-0.073449805,-0.3643712,0.097778454,0.26327062,0.26327062,0.26327062
28.183383464813232,116.35595906400904,-0.003552244,-0.0488281,171.84684037901502,-3.635852278073509,36.51738962608744,116.36057,98.04573,1163.4722,-0.051135223,-0.20689285,-0.047891207,0.2571044,0.2571044,0.2571044
28.30838370323181,116.56743386840859,-0.011174844,-0.059731025,171.2548955641853,-6.815779001140216,37.89497161358259,116.41879,98.0743,1163.7074,-0.06717268,-0.19782309,-0.20348352,0.24732451,0.24732451,0.24732451
28.46463418006897,116.3540149575799,-0.016326891,-0.05644527,171.80619197626365,-3.6724341441787156,36.5021964664255,116.405624,98.06578,1163.6837,-0.08540033,-0.19308782,-0.3246488,0.23411345,0.23411345,0.23411345
28.605258226394653,116.34538107359035,-0.016294124,-0.030189037,171.88679695225875,-3.444850182969364,36.57631836543424,116.39072,98.057434,1163.6458,-0.11700663,-0.2642639,-0.39583626,0.21852487,0.21852487,0.21852487
28.73025941848755,116.34929360476629,-0.013103231,0.010878154,171.9999104545964,-3.276288595424578,37.108313826512514,116.37884,98.05494,1163.6041,-0.153246,-0.35776708,-0.43401363,0.20673126,0.20673126,0.20673126
28.886507987976074,116.34749104165356,-0.004243827,0.06433256,172.0831369345139,-3.019783879588522,37.24072821718052,116.36846,98.05357,1163.565,-0.15493587,-0.39984262,-0.31822374,0.20096023,0.20096023,0.20096023
29.027134656906128,116.30736406563292,-0.0063476455,0.021531977,172.28691385831084,-2.1279386920451038,36.99055231049963,116.34864,98.043274,1163.4752,-0.06887136,-0.06575801,-0.25348306,0.19384022,0.19384022,0.19384022
29.167757987976074,116.36964319144336,-0.008056652,-0.025781285,172.0409607822582,-3.4772895972169127,37.544704815880074,116.35086,98.04382,1163.4631,0.022070343,0.24043535,-0.14308491,0.18853821,0.18853821,0.18853821
29.324008464813232,116.36250461545617,-0.0086997375,-0.06974082,172.05680653179957,-3.410193223413799,37.43745494320707,116.35169,98.04479,1163.4496,0.102908194,0.4696597,-0.0032869647,0.18392761,0.18392761,0.18392761
29.636507749557495,116.35170677219266,-0.009508363,-0.10105852,172.01930973283316,-3.404423830397679,37.44058599941724,116.34995,98.04358,1163.4257,0.14934063,0.5687702,0.10256799,0.18253872,0.18253872,0.18253872
29.77713370323181,116.33352320953611,-0.012331699,-0.1342254,172.19421202739548,-2.669575501204052,37.15944842115882,116.343735,98.03997,1163.4064,0.18601438,0.66262364,0.14982702,0.18560529,0.18560529,0.18560529
29.91775894165039,116.338179658536,-0.009324598,-0.11617945,171.9385926688187,-3.2706702189998493,36.670543642438815,116.34035,98.0351,1163.3846,0.15966274,0.5043856,0.20719405,0.18670772,0.18670772,0.18670772
30.05838394165039,116.32918755467087,-0.008573795,-0.09845425,172.02796813449535,-2.88193739729689,36.44325168643131,116.335434,98.027306,1163.3705,0.1212617,0.36828956,0.16064708,0.1880397,0.1880397,0.1880397
30.18338441848755,116.33424136265324,-0.009875882,-0.08308132,172.03079509931484,-3.060500512476203,36.67985876556507,116.3333,98.02268,1163.3661,0.07893355,0.2624707,0.050678868,0.18990728,0.18990728,0.18990728
30.324007511138916,116.3445591003716,-0.010545817,-0.065896764,172.19921512264156,-2.9823852510194517,37.64861929398882,116.33501,98.02824,1163.377,0.05005946,0.19912013,-0.049335,0.19055457,0.19055457,0.19055457
30.589633464813232,116.33636228833556,-0.008706061,-0.043359406,172.17803079187402,-2.852288011680945,37.67845240171762,116.33448,98.03413,1163.384,0.019414077,0.116297394,-0.098837964,0.18857735,0.18857735,0.18857735
30.73025870323181,116.3227399655118,-0.00797032,-0.026751865,172.49907697618883,-1.8486622156375443,37.186572300503556,116.33035,98.0333,1163.4253,0.03276906,0.1618182,-0.10964122,0.18296625,0.18296625,0.18296625
30.85525918006897,116.35752905290917,-0.0034727743,-0.0035076514,172.37243145502322,-2.8165137218425613,38.12886507260248,116.337204,98.04582,1163.4581,0.059470635,0.1857928,-0.009322181,0.1735136,0.1735136,0.1735136
31.011509895324707,116.36120135269019,0.0036010686,0.026899816,172.10781682538416,-3.1660367813037475,37.168350882301944,116.34421,98.051956,1163.4944,0.09589163,0.21100636,0.13927923,0.16876166,0.16876166,0.16876166
31.167758226394653,116.35128225742082,0.009211511,0.051615186,172.03502833760538,-3.20450535200644,37.009520913066964,116.34711,98.05209,1163.5017,0.10458001,0.18634966,0.22400321,0.16752097,0.16752097,0.16752097
31.29275941848755,116.32776075026662,0.0119074,0.06853691,172.0689044827238,-2.881142620648071,36.48548904849432,116.34247,98.04612,1163.4738,0.10896436,0.17702755,0.22131895,0.1683102,0.1683102,0.1683102
31.417758464813232,116.32633029315734,0.013711167,0.06806755,172.1531992518061,-2.5982134929527603,36.748574988718886,116.33796,98.04283,1163.4569,0.07319731,0.07834321,0.17216972,0.16649453,0.16649453,0.16649453
31.57400870323181,116.31974140932846,0.009798548,0.053809717,172.13150808991873,-2.5722273389981947,36.63239370034793,116.33228,98.039314,1163.4583,0.016415037,0.00388945,-0.010429474,0.16180643,0.16180643,0.16180643
31.730258464813232,116.3505618641511,0.003792315,0.032118034,171.93727403848206,-3.374676216082209,36.750191685068074,116.33662,98.039696,1163.474,-0.038519938,-0.05582068,-0.19541816,0.1557719,0.1557719,0.1557719
31.870884895324707,116.3613898557523,-0.0016017989,0.016958823,171.8694796084901,-3.627149597733646,36.629892114734304,116.34359,98.03909,1163.5098,-0.089700736,-0.11876312,-0.36588898,0.15008941,0.15008941,0.15008941
32.01150822639465,116.38117201224335,-0.0016060353,0.009506787,172.44066276905028,-3.125745011225269,39.046992713875504,116.355125,98.05792,1163.5155,-0.102339156,-0.16777407,-0.30782342,0.14523388,0.14523388,0.14523388
32.152132749557495,116.34736267771842,-0.0012207029,0.009717986,172.146162138711,-2.87470313198858,37.00084429451544,116.354706,98.05501,1163.4902,-0.09566738,-0.18433191,-0.2234839,0.14602873,0.14602873,0.14602873
32.27713322639465,116.32900227783391,0.0019290149,0.0061728475,172.22882468253027,-2.785577843085255,37.49105159772924,116.34855,98.05281,1163.4343,-0.07128916,-0.21337391,-0.037802663,0.14596686,0.14596686,0.14596686
32.41775870323181,116.21080152959422,-0.0008422848,-0.040332016,171.40986899347857,-2.9391019546864374,32.99445713535663,116.308914,98.00997,1163.1624,-0.06502683,-0.20353442,-0.032687366,0.14184693,0.14184693,0.14184693
32.558382511138916,116.31848756896053,-0.002965861,-0.098090425,172.2427890406706,-2.5441522877783203,37.54348406467304,116.30724,98.01258,1163.1492,-0.032937936,-0.11749436,0.027057452,0.13263993,0.13263993,0.13263993
32.69900918006897,116.34279936917964,-0.01120069,-0.15491608,172.01608428497002,-3.251336813167615,37.05672412741934,116.31411,98.01676,1163.186,-0.04258763,-0.03965199,-0.13359249,0.118025966,0.118025966,0.118025966
32.870885610580444,116.35337990389625,-0.017854596,-0.19568872,171.98570323508795,-3.3648846902717984,37.1528286826982,116.32379,98.023125,1163.2468,-0.057805356,0.013130077,-0.27156338,0.11015453,0.11015453,0.11015453
33.01150918006897,116.33808723833798,-0.024836829,-0.21760659,171.86604174393682,-3.4300787615397024,36.539484957708844,116.32783,98.02298,1163.2858,-0.092654295,0.03474294,-0.47135788,0.11281068,0.11281068,0.11281068
33.15213322639465,116.3120713476886,-0.019334773,-0.15081955,171.8214163250587,-3.109082691713848,35.80821877831807,116.32367,98.01549,1163.279,-0.07811319,0.021389501,-0.331204,0.113692276,0.113692276,0.113692276
33.30838370323181,116.36692259802842,-0.012530587,-0.05252257,172.1884409746279,-2.469436695402473,36.84780075143883,116.33598,98.028656,1163.4133,-0.083043076,-0.03810486,-0.2740845,0.11404117,0.11404117,0.11404117
33.480257987976074,116.44680418577711,-0.0011128283,0.042696267,171.83685874956032,-4.478676632063167,38.20415559841016,116.36932,98.04939,1163.4836,-0.073787324,-0.13340507,-0.08401285,0.1138417,0.1138417,0.1138417
33.62088465690613,116.37458461011714,0.007897657,0.11546136,171.91134463056616,-3.746709117192083,36.67818117003833,116.37564,98.051796,1163.492,-0.064294085,-0.20820294,0.038809802,0.11438989,0.11438989,0.11438989
33.76150822639465,116.35785617628277,0.016101932,0.17033073,171.94895863584705,-3.3163514249859127,36.26061911457297,116.3747,98.04826,1163.5063,-0.037063967,-0.2340197,0.16397455,0.1168475,0.1168475,0.1168475
33.90213441848755,116.32845766469364,0.019695874,0.18304843,172.08418393162623,-2.8333021520410253,36.71727664126356,116.36427,98.04516,1163.4802,-0.021132328,-0.23134544,0.17767735,0.1178059,0.1178059,0.1178059
34.042757987976074,116.31396505111502,0.017890414,0.14998196,171.93802778515146,-2.8149781704862082,35.46658218248508,116.35065,98.0326,1163.4569,-0.0173851,-0.24290754,0.14987977,0.11684567,0.11684567,0.11684567
34.183382749557495,116.28936327414304,0.009039036,0.09914456,172.21494520465436,-1.9150062541950275,36.10711408935962,116.332016,98.02114,1163.4241,0.00868445,-0.08827247,-0.020647366,0.112378396,0.112378396,0.112378396
34.308382749557495,116.29339374228411,-0.0011236364,0.045463152,172.1939371598516,-2.1483570270786414,36.25932924214909,116.31803,98.01384,1163.382,0.04583966,0.13585503,-0.16869842,0.11143628,0.11143628,0.11143628
34.46463465690613,116.30382646863004,-0.011736176,-0.013020819,171.91802767465003,-2.856279900449084,35.37734010016233,116.310265,98.003845,1163.3456,0.068928964,0.33023363,-0.311837,0.11886753,0.11886753,0.11886753
34.60525822639465,116.32925808154489,-0.023672825,-0.06739461,171.8740915436289,-3.241510460718686,35.764569160178844,116.3122,97.99834,1163.3306,0.066088594,0.45815617,-0.51373386,0.13380237,0.13380237,0.13380237
34.74588465690613,116.32397231558608,-0.029669179,-0.09140622,172.16521929550953,-2.4396125962507424,36.51628147719432,116.313255,98.00462,1163.3654,0.08497311,0.60128874,-0.5808195,0.15140492,0.15140492,0.15140492
34.886507749557495,116.2112984331201,-0.039080642,-0.12037055,170.57761358347713,-4.907147923115247,29.45531927456304,116.28218,97.93104,1163.1742,0.0034963402,0.42890486,-0.80752796,0.17006439,0.17006439,0.17006439
35.01150870323181,116.35983806844031,-0.04293211,-0.12441401,172.24124556103138,-3.0259662825659723,37.544474664838944,116.2999,97.95488,1163.2557,-0.0764404,0.16744874,-0.9231808,0.18790352,0.18790352,0.18790352
35.15213322639465,116.32705192363936,-0.040374793,-0.10859385,172.12269772667852,-2.856124633671785,37.10873666182684,116.30636,97.97537,1163.2836,-0.13035901,-0.07934883,-0.8736916,0.20195913,0.20195913,0.20195913
35.29275846481323,116.34615479211145,-0.03392943,-0.08427731,171.90944155476464,-3.367783992659357,36.43183087690607,116.31761,97.99176,1163.3328,-0.16005853,-0.2654147,-0.7430417,0.21203624,0.21203624,0.21203624
35.433382749557495,116.35166240810817,-0.028509522,-0.06552734,172.08062527040622,-3.0582317021957293,37.1235904634301,116.328575,98.01056,1163.392,-0.19482422,-0.45381775,-0.6463806,0.22145574,0.22145574,0.22145574
35.57400918006897,116.37423143977243,0.0007836604,0.015432081,171.81480329961883,-3.9983276369887246,36.86921017796346,116.34386,98.02408,1163.431,-0.08540692,-0.40971723,0.08583191,0.22405055,0.22405055,0.22405055
35.69900822639465,116.37527884824075,0.024061786,0.069719225,172.05691082735774,-3.4371047373064547,37.6827777509717,116.35622,98.03944,1163.4625,-0.003696108,-0.3491192,0.6467509,0.23415457,0.23415457,0.23415457
35.83963489532471,116.30795800899254,0.03196693,0.08148723,171.28480512142679,-4.595894387101808,32.93005225372416,116.34607,97.995705,1163.2947,0.01628014,-0.3612921,0.807066,0.24572635,0.24572635,0.24572635
35.980257749557495,116.35392938078911,0.03482668,0.077929735,172.01785559740193,-3.240545680465629,36.77282453628569,116.34993,98.00562,1163.3193,0.03272707,-0.34954625,0.87759143,0.26016432,0.26016432,0.26016432
36.120882987976074,116.34889323558667,0.03496464,0.06764239,172.22313212728235,-2.812899859624088,37.29444262301359,116.35123,98.0146,1163.3474,0.054897636,-0.30305263,0.9048066,0.2745015,0.2745015,0.2745015
36.26150822639465,116.34767533690295,0.019647224,0.021679696,172.2402005801302,-2.6095147596350294,37.09067891662525,116.35151,98.02403,1163.4073,0.03178712,-0.23258466,0.5490969,0.2799148,0.2799148,0.2799148
36.40213465690613,116.37653755904003,0.006549065,-0.0092773335,172.15031813873955,-3.3376654048108487,38.000877451024955,116.359726,98.04214,1163.4751,0.023583958,-0.15333234,0.254321,0.28045997,0.28045997,0.28045997
36.542757511138916,116.40315158982658,0.014074718,0.032519557,172.02055422394128,-3.805417187620385,37.99901887187563,116.37395,98.06312,1163.5669,0.088464424,0.02751486,0.43621555,0.28203973,0.28203973,0.28203973
36.667757987976074,116.37443579929894,0.022337317,0.07881723,171.872841733024,-3.775867591949047,37.10044610134178,116.376945,98.069374,1163.5891,0.13146506,0.14434811,0.60108954,0.28656182,0.28656182,0.28656182
36.79275822639465,116.32928255957304,0.029453399,0.12149449,172.01345875741006,-2.9625601802554757,36.37312404304112,116.36558,98.06027,1163.5575,0.14895093,0.21624772,0.6901047,0.29328614,0.29328614,0.29328614
36.94900822639465,116.35366699168618,0.034362793,0.14248046,171.97896152555467,-3.50966875616297,37.13127996146962,116.36257,98.05929,1163.5331,0.12307129,0.15154019,0.72481996,0.30109772,0.30109772,0.30109772
37.08963370323181,116.35467636475404,0.03715824,0.15087906,172.23287693908878,-2.7231170827087245,37.608736335086014,116.36025,98.06231,1163.54,0.10152598,0.11706173,0.72862923,0.30792323,0.30792323,0.30792323
37.23025965690613,116.36221007260602,0.028063921,0.1065428,172.3235350300009,-2.692221400039745,38.39902565317438,116.36053,98.07365,1163.5627,0.06240225,0.09863819,0.5094963,0.3084829,0.3084829,0.3084829
37.386507511138916,116.34261549383534,0.017891597,0.052662056,172.07221328755395,-3.1814520225585183,37.485813118696655,116.35516,98.07093,1163.5258,0.045175076,0.13161898,0.32238328,0.30310392,0.30310392,0.30310392
37.527135133743286,116.32913205247829,0.010916987,0.006269281,172.000278403265,-3.04039150245822,36.74493747088283,116.346886,98.06182,1163.4739,0.041630436,0.16200872,0.23559535,0.29381016,0.29381016,0.29381016
37.652135372161865,116.30516204250652,0.0031677228,-0.028613266,172.050955313776,-2.398976772863901,35.905382299586535,116.33331,98.045296,1163.4403,0.055895966,0.28057063,0.115747005,0.2817428,0.2817428,0.2817428
37.80838370323181,116.3407913758743,-0.0035746975,-0.055844855,172.0821926068203,-2.889274504708191,36.804197579488,116.33281,98.04007,1163.4312,0.05680936,0.33419448,0.0040298235,0.26784495,0.26784495,0.26784495
37.933382511138916,116.34237247958123,-0.011212388,-0.075906664,172.02308889228658,-3.050524249271525,36.60671901909431,116.33359,98.03583,1163.4304,0.030900378,0.30874872,-0.1770834,0.25472948,0.25472948,0.25472948
38.07400870323181,116.3818669820763,-0.015857225,-0.07116994,171.95429398732168,-3.610246893777382,37.40665024074472,116.3462,98.04188,1163.4877,-0.0047994456,0.23236373,-0.33296004,0.24407595,0.24407595,0.24407595
38.245882749557495,116.38262728855848,-0.017931106,-0.049039926,171.8262713656311,-3.991470391030725,37.11236722924888,116.357216,98.04864,1163.5281,-0.039815526,0.12805621,-0.44483322,0.23364967,0.23364967,0.23364967
38.386507987976074,116.39991630870094,-0.022102091,-0.054499276,170.15976105988045,-8.70494038933315,33.81590887589925,116.37119,98.00427,1163.3127,-0.15457934,-0.28674185,-0.56447697,0.2399143,0.2399143,0.2399143
38.51150918006897,116.32236728057113,-0.024354525,-0.054401696,172.28677488459488,-2.079595252524314,36.981099099754225,116.35986,98.00513,1163.326,-0.2340059,-0.5900124,-0.61265326,0.24838942,0.24838942,0.24838942
38.63650918006897,116.34171251885834,-0.023052948,-0.042871036,172.1655808354563,-2.5008381112054074,36.76244260704776,116.35533,98.00994,1163.3793,-0.27945518,-0.8006436,-0.5580773,0.25621584,0.25621584,0.25621584
38.79275822639465,116.34162002229381,-0.021369873,-0.04330639,172.34397657322816,-2.0491800139096346,37.37697714579926,116.35136,98.021675,1163.4427,-0.27859804,-0.8385542,-0.47999626,0.26038012,0.26038012,0.26038012
38.91775894165039,116.34813558412435,-0.022051048,-0.06076396,172.41669809472546,-2.1229158224906888,37.762872355297866,116.34996,98.03115,1163.472,-0.23987296,-0.7276763,-0.40179262,0.25854564,0.25854564,0.25854564
39.05838322639465,116.31370785308926,-0.012768559,-0.026660167,172.2055078105294,-2.5511891404705342,36.93897990006214,116.338974,98.02299,1163.4022,-0.023754891,-0.05004427,-0.097723424,0.25293228,0.25293228,0.25293228
39.19900846481323,116.3254257930112,-0.005194083,-0.0041015553,172.02279578640528,-2.870259516707148,36.26457006536459,116.33342,98.01753,1163.3634,0.13763404,0.45252588,0.11565227,0.25536323,0.25536323,0.25536323
39.32400870323181,116.31075520614905,-0.0006347656,-0.0017578125,172.03715514757351,-2.5965424292573873,35.936066831154555,116.325035,98.01258,1163.3427,0.2529663,0.8227522,0.23618774,0.26481333,0.26481333,0.26481333
39.44900965690613,116.27989077641783,-0.0037794176,-0.018262958,171.3923518666649,-2.3866542085050226,32.01724140499602,116.309685,97.98268,1163.2988,0.28788257,1.0533113,0.07775708,0.27690142,0.27690142,0.27690142
39.60525846481323,116.28896249819584,-0.012225807,-0.034054473,171.63403190693776,-3.0472594612552615,32.88226875008137,116.30025,97.961914,1163.3185,0.22891618,1.0369861,-0.33713615,0.2870889,0.2870889,0.2870889
39.745885133743286,116.2773171436028,-0.025075385,-0.06754346,171.5850755358222,-3.15573547876178,34.50066330923996,116.29003,97.96135,1163.2828,0.047604296,0.67560303,-0.9365227,0.29793513,0.29793513,0.29793513
39.886507511138916,116.29491712148135,-0.03479619,-0.08076183,172.22853403447175,-1.8261872666845633,36.09174691415334,116.28765,97.967255,1163.3119,-0.08114024,0.44695038,-1.3833057,0.31799117,0.31799117,0.31799117
40.027135133743286,116.31843010310342,-0.041287515,-0.07802599,171.94888119925778,-3.0718365095448186,36.37599850074687,116.293526,97.97786,1163.3289,-0.18500268,0.24625754,-1.6993613,0.34950185,0.34950185,0.34950185
40.15213322639465,116.29770586292547,-0.033901572,-0.049545124,171.98334933835125,-3.091321091019615,36.25556685901528,116.29322,97.98933,1163.3315,-0.1917154,0.06250776,-1.4628173,0.37041712,0.37041712,0.37041712
40.29275965690613,117.4932679338242,-0.007317953,-0.0226362,170.22740773239246,-9.81702481757892,34.94790864057172,116.63918,98.05729,1163.3325,-0.22171707,-0.35836294,-0.91958624,0.3777363,0.3777363,0.3777363
40.41775846481323,118.2947816259825,0.03298683,-0.07585055,171.95143463994611,-4.436932712527082,37.71509803742839,117.15728,98.14797,1162.8331,-0.18944095,-0.7169469,-0.16740645,0.38088888,0.38088888,0.38088888
40.55838346481323,118.11802640673342,0.08072712,-0.1996638,171.59362533083672,-5.1543480525823675,36.22530167657442,117.52361,98.21157,1162.496,-0.1994413,-1.1995139,0.45374626,0.3977054,0.3977054,0.3977054
40.69900727272034,118.19487510397126,0.13002954,-0.37089914,171.70519744543776,-5.1207281085081195,36.69529622033066,117.82435,98.25761,1162.23,-0.20961954,-1.6237326,0.9224261,0.43602988,0.43602988,0.43602988
40.83963441848755,118.12552775322955,0.17862427,-0.58860713,171.21782699868734,-6.430768908060621,35.53716823505274,118.02358,98.28567,1162.0488,-0.28419182,-2.0998373,1.0592172,0.4946279,0.4946279,0.4946279
40.99588227272034,118.03786518665905,0.1954045,-0.8537129,170.10099353550913,-8.451628434080407,31.58676936666176,118.13211,98.27151,1161.6439,-0.2780524,-2.0295331,0.85348403,0.54699963,0.54699963,0.54699963
41.120885372161865,118.55836149906409,0.20189455,-0.90694016,170.74199500328595,-9.487786044771195,39.02950549079367,118.34368,98.35941,1162.121,-0.3494602,-2.151533,0.5782071,0.59643984,0.59643984,0.59643984
41.26150870323181,118.41878016594174,0.18896507,-0.84464103,171.2780542528291,-6.450967256413084,36.23802260223116,118.45393,98.37608,1162.0653,-0.387943,-2.1058533,0.31622738,0.6359402,0.6359402,0.6359402
41.41775965690613,118.1495909814248,0.15813664,-0.68846375,171.79320566454737,-4.493446435045235,36.46047110383518,118.44289,98.3718,1161.987,-0.3902508,-1.8704259,0.06672868,0.6615369,0.6615369,0.6615369
41.558382749557495,118.15097171356697,0.11533573,-0.49466518,170.7718528309997,-7.29959597281876,32.440966439911925,118.413,98.32019,1161.9542,-0.3767511,-1.570315,-0.23444374,0.67635655,0.67635655,0.67635655
41.69900941848755,118.59588211270851,0.09412507,-0.16606314,171.3354387018078,-7.304739436498465,39.22428694120361,118.50201,98.34984,1162.0607,-0.3047468,-1.3451294,0.024592685,0.685861,0.685861,0.685861
41.839632749557495,118.10625197184422,0.06125551,-0.058403235,171.91267130548295,-5.439918857775989,38.58133454981431,118.424034,98.36027,1162.0994,-0.13568272,-0.7527976,0.17646316,0.6902098,0.6902098,0.6902098
42.57400894165039,118.15758701613892,0.020353172,0.0074218684,171.40683358826092,-4.8903317886156215,37.233946297414,118.36441,98.33902,1162.077,0.01597492,-0.09886745,0.23966247,0.68878245,0.68878245,0.68878245
42.73025941848755,118.21094476940597,0.0031193504,0.041967977,171.64086417655463,-4.94832531845275,36.49858307655978,118.32577,98.32465,1162.0718,0.09356437,0.19155127,0.34250104,0.68411833,0.68411833,0.68411833
42.87088322639465,118.18287757197461,-0.0006998694,0.0628906,171.59712526050268,-5.583444706309361,37.090689643730016,118.284134,98.31868,1162.0522,0.19196768,0.4879382,0.6670671,0.68129236,0.68129236,0.68129236
43.011507987976074,118.46874660138646,-0.013881733,0.026084743,171.35016917684064,-7.689843454954874,40.344590516176574,118.33248,98.30351,1162.1344,0.22598168,0.650534,0.7192109,0.6808581,0.6808581,0.6808581
43.15213441848755,118.00677586421027,-0.020140585,0.034349162,172.08409654415942,-4.0554443680758805,38.25827290759441,118.24022,98.30191,1162.1552,0.21664345,0.6770526,0.7557138,0.6819763,0.6819763,0.6819763
43.30838441848755,118.28581225451325,-0.025237283,0.03363895,169.6444890714787,-10.349600140311576,30.401536526405717,118.244125,98.253784,1162.0835,0.14397438,0.45733598,0.5336713,0.6747751,0.6747751,0.6747751
43.43338418006897,118.2572974459674,-0.027189108,0.028385395,171.4697358962689,-5.848030312937473,36.18991427027597,118.24165,98.26118,1162.1039,0.07915847,0.24380678,0.33189875,0.6595439,0.6595439,0.6595439
43.69900918006897,117.57469729820883,-0.032478336,0.020629885,171.64768910115848,-4.250472196177746,34.59415398732408,118.043915,98.247284,1162.0905,-0.0005035401,0.04174233,-0.055776604,0.64694005,0.64694005,0.64694005
43.83963489532471,118.4891288499454,-0.03469082,-0.00036621056,171.62643538412965,-4.707866098303625,34.454326197699224,118.14628,98.23505,1161.9979,-0.053550664,-0.014128193,-0.55599916,0.6428907,0.6428907,0.6428907
43.96463465690613,118.41946468283307,-0.048509896,-0.015273868,172.06369487522835,-4.007967861409625,37.55520353945839,118.217995,98.253204,1162.1086,-0.14343391,-0.13258407,-1.3872228,0.65103525,0.65103525,0.65103525
44.12088346481323,118.4605906717798,-0.035249542,-0.018960686,171.5154006087093,-5.536800392714789,35.865953300421204,118.291176,98.26074,1162.0645,-0.04143261,0.2115504,-1.3219209,0.65006953,0.65006953,0.65006953
44.261507749557495,118.54651241204941,-0.015136724,0.020979643,172.33246940627586,-4.668556372558912,40.234563754686654,118.37569,98.33751,1162.4131,0.092180945,0.59305346,-1.0395265,0.6330031,0.6330031,0.6330031
44.40213441848755,118.49601275566758,0.008893293,0.060217634,171.44734719272262,-5.741427824815344,36.28890139152663,118.428,98.34299,1162.4021,0.1935128,0.78763694,-0.59951276,0.59445095,0.59445095,0.59445095
44.542757987976074,118.50793996099738,0.035287958,0.14062515,170.9416113677388,-7.43570042863056,36.464961504023194,118.46989,98.350136,1162.4205,0.23401314,0.6964441,0.10724642,0.5498482,0.5498482,0.5498482
44.68338346481323,118.5497003696771,0.05408696,0.1769935,170.7600386764585,-7.6810148376778145,34.87174860038312,118.51143,98.326744,1162.2872,0.21329468,0.45991525,0.6194239,0.49820435,0.49820435,0.49820435
44.82400846481323,118.10171418987414,0.056701005,0.20391513,171.13489286244305,-6.516986954229897,33.525020874532856,118.411125,98.29428,1162.2599,0.08839541,-0.004668849,0.66761523,0.4433533,0.4433533,0.4433533
44.964635133743286,118.23664422830791,0.035349123,0.13107629,170.69898191899267,-6.232556001501908,31.120825585466648,118.36224,98.24334,1162.1348,-0.12942457,-0.54179776,0.15115911,0.39621443,0.39621443,0.39621443
45.136507511138916,118.23119641070622,0.0062888386,0.04000384,170.92548089285293,-8.096602012856781,36.9952571599293,118.319824,98.25576,1162.1431,-0.3216897,-0.9837988,-0.3949379,0.37210718,0.37210718,0.37210718
45.26150965690613,118.42232872898067,-0.021507906,-0.040850904,171.5077260880801,-5.75478967643589,36.760320933791675,118.341286,98.28496,1162.3186,-0.41911003,-1.1347274,-0.92247504,0.37396297,0.37396297,0.37396297
45.417757987976074,118.29159269932151,-0.03828597,-0.06758285,171.02387590536785,-6.521977362320565,34.28943898086771,118.32346,98.29147,1162.2928,-0.41753358,-1.0087652,-1.2494681,0.3964245,0.3964245,0.3964245
45.57400918006897,118.27746390345257,-0.041614305,-0.08863457,171.46930182176533,-6.021418100963332,36.87551322749657,118.305595,98.30306,1162.3121,-0.36793116,-0.79887486,-1.223242,0.41846612,0.41846612,0.41846612
45.73025703430176,118.37300764253533,-0.018215796,-0.021691216,171.32454714302133,-6.033231681310221,35.64699199785978,118.31971,98.301285,1162.2942,-0.22032438,-0.53347766,-0.57557833,0.42221928,0.42221928,0.42221928
45.870882987976074,118.05769521623657,0.005376838,0.05615809,171.45140333822815,-6.542456180458577,37.80171443207047,118.24166,98.325165,1162.4009,-0.05155101,-0.1450881,-0.026427504,0.4138657,0.4138657,0.4138657
46.02713370323181,118.17570087640962,0.023630567,0.09411347,171.57255876965868,-6.549869842278006,38.44416833867332,118.2119,98.3429,1162.4761,0.064203374,0.0639312,0.47767583,0.40528023,0.40528023,0.40528023
46.152132987976074,117.93847778180594,0.03385801,0.08455885,172.2666001550282,-3.314350858524281,37.26880948732864,118.12162,98.32229,1162.2274,0.19771376,0.31246635,1.0388905,0.40679052,0.40679052,0.40679052
46.308382987976074,118.67964445081145,0.036399722,0.06958587,171.45234504024367,-7.980303038161456,39.3948951201853,118.26444,98.3315,1162.2701,0.2806259,0.3883723,1.4139569,0.42515296,0.42515296,0.42515296
46.57400846481323,118.15609460132853,0.028967796,0.03235392,171.77694569484063,-5.000267789043183,36.79548429603267,118.236176,98.322914,1162.2188,0.31177798,0.43908164,1.4476203,0.44759807,0.44759807,0.44759807
46.69900941848755,118.12374232393324,0.01845385,-0.031844433,171.6355883588615,-5.282945694740609,36.46480484242029,118.20261,98.31899,1162.1975,0.32956865,0.47395697,1.4268323,0.47018495,0.47018495,0.47018495
46.83963441848755,118.17007174085599,0.0042067263,-0.08962903,171.4005248216395,-5.430062964246461,34.36173785831776,118.18855,98.298096,1162.2249,0.32997048,0.57194614,1.1582019,0.4833561,0.4833561,0.4833561
46.96463418006897,118.21662290163141,-0.005211991,-0.08356742,171.3782005462456,-5.840744343588149,35.49378295121477,118.19167,98.286964,1162.2186,0.239181,0.41296798,0.72288394,0.4718444,0.4718444,0.4718444
47.12088227272034,118.23185031203819,-0.01612425,-0.08628861,171.59385705632582,-5.444389897573969,36.26404454035264,118.20003,98.28407,1162.2091,0.15972829,0.44638568,0.09885773,0.45661816,0.45661816,0.45661816
47.40213322639465,118.23369676485343,-0.023332864,-0.06887754,171.2515272259129,-6.299731533765253,35.51176995341812,118.20837,98.27798,1162.2152,0.048120607,0.33973843,-0.46224782,0.4462309,0.4462309,0.4462309
47.52713465690613,118.29827772972058,-0.028068595,-0.028914277,170.6514431813322,-7.5066316438769345,34.46513236649308,118.23432,98.27878,1162.3026,-0.07490328,0.15257454,-0.9290121,0.4460961,0.4460961,0.4460961
47.69900822639465,118.25366466181467,-0.024019487,0.011363635,171.47241093076184,-5.945909469060285,36.40806397259545,118.24288,98.280174,1162.2812,-0.15977152,-0.06608226,-1.0205742,0.45175704,0.45175704,0.45175704
47.83963441848755,118.37488802195006,-0.020916354,0.015226389,171.48706417700606,-5.961603582147193,36.11644060327126,118.28421,98.277306,1162.2379,-0.18867569,-0.14987947,-0.9926076,0.4549198,0.4549198,0.4549198
47.96463322639465,118.03414977608533,-0.017194087,0.042749304,171.5202207254832,-5.915372773984248,36.84696136595082,118.21895,98.277214,1162.3293,-0.23271817,-0.35334185,-0.8677774,0.45753828,0.45753828,0.45753828
48.370882987976074,116.72422978528466,-0.014835549,0.09148664,171.396613506212,-5.501662383813495,36.28578114516278,117.784195,98.22862,1162.6793,-0.18144912,-0.3408731,-0.47528744,0.4570447,0.4570447,0.4570447
48.527132749557495,116.44235811497954,-0.021968156,0.15625015,171.67754484594744,-4.484218309038125,36.77157013648408,117.34399,98.177246,1162.9612,-0.095856935,-0.18428679,-0.11260093,0.44730163,0.44730163,0.44730163
48.683382987976074,116.15599767708028,-0.042236358,0.22223027,170.60504371479817,-6.441799017821025,32.84534467189283,116.91161,98.084656,1162.9285,-0.05443008,-0.045704544,-0.0099187745,0.42749068,0.42749068,0.42749068
48.83963489532471,116.35165155074404,-0.066450536,0.3218745,172.21421193986157,-2.7176749799467452,37.311439953140415,116.6352,98.059525,1163.1136,-0.0011097285,0.18181153,0.080346555,0.40371615,0.40371615,0.40371615
48.964632749557495,116.30541878834012,-0.10104983,0.461172,172.66654049472714,-1.9796180848712106,38.971157768429705,116.4248,98.05197,1163.2861,0.09080081,0.5672579,0.21428718,0.39075404,0.39075404,0.39075404
49.10525846481323,116.32515936402595,-0.117235936,0.4914917,172.1735523679077,-2.9552261632031698,37.580669924471316,116.28819,98.04363,1163.419,0.18538265,0.91644055,0.32166156,0.4029209,0.4029209,0.4029209
49.253655433654785,116.43255651179814,-0.118090965,0.48179227,172.49885489000675,-1.9950775237841158,38.047339924830645,116.235954,98.08339,1163.4849,0.2556477,1.189901,0.36695707,0.42840302,0.42840302,0.42840302
49.39765548706055,116.30999912602661,-0.09571647,0.47157538,171.8272670349242,-3.278663718560331,35.31264300597553,116.18314,98.06134,1163.5045,0.3814841,1.5117016,0.61018395,0.45967782,0.45967782,0.45967782
49.534656047821045,116.32821041522864,-0.07196524,0.39903754,170.65324059645693,-6.635580673070371,32.709890919466865,116.165146,98.0223,1163.4486,0.39083934,1.4758763,0.58122385,0.47773346,0.47773346,0.47773346
49.68565559387207,116.35120669944726,-0.05672514,0.3605136,171.7033833916962,-4.157973588784584,36.38755068392268,116.17339,98.018776,1163.4801,0.37517107,1.434455,0.44435564,0.4837926,0.4837926,0.4837926
49.823655128479004,116.34025910119553,-0.031989295,0.26731554,171.92571433134844,-3.4449268321880617,36.81584310968461,116.18956,98.02401,1163.5227,0.24944818,1.0192095,0.13659346,0.4761535,0.4761535,0.4761535
49.95665526390076,116.34143783133138,-0.026493283,0.19966508,171.88123492159673,-3.699278981718684,36.79709745311919,116.21208,98.02823,1163.5457,0.07510228,0.4731244,-0.241231,0.46080697,0.46080697,0.46080697
50.09665608406067,116.29819481831915,-0.027583217,0.110988885,172.2785242484976,-2.4211718706395606,37.377865921704284,116.224075,98.03334,1163.5079,-0.107332185,-0.091009125,-0.571843,0.45032153,0.45032153,0.45032153
50.241655111312866,116.30803822463288,-0.017847454,0.06476503,172.42374479705106,-2.2074301190486616,37.73597145847054,116.24038,98.044426,1163.4994,-0.09677684,-0.15104173,-0.37407604,0.44596368,0.44596368,0.44596368
50.39365553855896,116.31129769213139,-0.007318875,0.03498837,172.3342406862133,-2.3841352039952097,37.60963815851278,116.256996,98.05232,1163.4863,-0.0062817875,0.012587835,-0.021396598,0.44391105,0.44391105,0.44391105
50.52765512466431,116.29949133195971,0.0008563608,0.008048594,172.44714277684446,-2.1463723462378903,37.8642266905178,116.26839,98.056946,1163.4515,0.11108737,0.25713262,0.3638665,0.44236654,0.44236654,0.44236654
50.66065526008606,116.304709736224,0.014431875,-0.018638909,172.20322209104094,-2.7108764697975163,37.1683070560078,116.27956,98.05882,1163.4388,0.25541583,0.60097355,0.7590798,0.4417001,0.4417001,0.4417001
50.80365586280823,116.30661039043204,0.022629665,-0.03386033,172.13312416502197,-2.893175515337282,37.09115469887496,116.289154,98.0577,1163.4135,0.34349716,0.822417,0.95739293,0.4438587,0.4438587,0.4438587
50.95265555381775,116.29175881819982,0.0210817,-0.058385655,172.2199519404428,-2.474629464990662,37.1923677337613,116.292305,98.05658,1163.3961,0.32177144,0.78596497,0.8482871,0.4421586,0.4421586,0.4421586
51.091655015945435,116.26962928152489,0.010070327,-0.0840737,171.29651598489644,-3.7805417081133177,32.06546799035432,116.28785,98.016136,1163.329,0.21973152,0.59566325,0.42418322,0.4332612,0.4332612,0.4332612
51.24065589904785,116.39248600024297,0.004652504,-0.059894305,172.61904899363995,-2.5007932708717413,40.01505619506871,116.31912,98.0559,1163.5294,0.11407251,0.35136822,0.110477656,0.42721608,0.42721608,0.42721608
51.394654989242554,116.36805937553684,0.0024980681,-0.019185163,172.27777247724626,-3.2841258532815694,38.65860047637313,116.33763,98.07572,1163.5912,0.017562889,0.083764635,-0.08950137,0.42525226,0.42525226,0.42525226
51.65665555000305,116.3172646780709,0.0019019595,0.019310547,172.32009789310456,-2.657759440973487,37.78988448683739,116.33704,98.07936,1163.5812,-0.039569378,-0.08746522,-0.18098518,0.42435047,0.42435047,0.42435047
51.801656007766724,116.31752915923963,0.004221091,0.05756723,172.31793235935226,-2.7519653887176143,38.207354623329095,116.335175,98.08498,1163.5613,-0.0686862,-0.21226053,-0.18606125,0.4224024,0.4224024,0.4224024
51.95465540885925,116.30617483742016,0.015707573,0.10352038,171.9422647516523,-3.0798585269224463,35.72997592697495,116.329315,98.0624,1163.5052,-0.017769858,-0.21141043,0.19952089,0.41221756,0.41221756,0.41221756
52.097654819488525,116.3223203925851,0.015864464,0.08619727,172.13231160223083,-2.97919993560905,36.97773986290153,116.328445,98.05658,1163.4868,0.0015938845,-0.2028311,0.31389695,0.3942556,0.3942556,0.3942556
52.229655504226685,116.3153283419913,0.010743216,0.047167424,172.1397219355307,-3.024852334713934,37.39006270939512,116.325386,98.05537,1163.461,0.010871621,-0.15392596,0.29518428,0.36799583,0.36799583,0.36799583
52.354655742645264,116.33224757017439,0.004761567,0.007923247,172.09022727487692,-3.2903272166284845,37.38685776324541,116.327545,98.05777,1163.468,0.0024270387,-0.14263478,0.2296463,0.32860872,0.32860872,0.32860872
52.48865509033203,116.33185404994913,-0.0031315486,-0.030080356,171.99035502102384,-3.4651616658662876,36.99329901122928,116.32917,98.0581,1163.461,-0.022155844,-0.14597327,0.07485385,0.28955558,0.28955558,0.28955558
52.61365556716919,116.31543441908096,-0.009824309,-0.06010165,172.3592599424125,-2.40837279580251,37.718263947568246,116.32566,98.063095,1163.4784,-0.05235556,-0.14960799,-0.12669356,0.25090903,0.25090903,0.25090903
52.7516553401947,116.29289627493405,-0.009316064,-0.060270492,172.23716455046173,-2.786495826403727,37.57117393104465,116.31612,98.06154,1163.4484,-0.0515785,-0.12195832,-0.13884702,0.23146698,0.23146698,0.23146698
53.0336549282074,116.31076758835648,-0.005584919,-0.040956073,172.20761127417492,-2.7973692673758888,37.273285982926375,116.313416,98.059746,1163.4579,-0.03926065,-0.096239254,-0.08771592,0.22568832,0.22568832,0.22568832
53.181655168533325,116.29576568506668,-0.0037483582,-0.028748471,171.94336848365475,-3.131951768986291,36.154400441547594,116.30716,98.0487,1163.4381,-0.02493377,-0.04308539,-0.07463269,0.21755558,0.21755558,0.21755558
53.32065534591675,116.3820185306091,-0.0024463213,-0.01688967,171.3555273877154,-5.382776100067249,35.935119458062395,116.32725,98.040405,1163.4432,-0.025747811,-0.0510598,-0.05436921,0.21323943,0.21323943,0.21323943
53.46465444564819,116.34808730815125,-0.0070098955,-0.019020481,171.52277960453642,-4.626207849473691,35.79333658051264,116.33447,98.03259,1163.4377,-0.07933014,-0.18174592,-0.20031781,0.2158756,0.2158756,0.2158756
53.592655181884766,116.30669795318647,-0.012583182,-0.022837803,171.96492607701043,-3.3603623801750677,36.662359634200044,116.32815,98.02861,1163.3838,-0.14002708,-0.32456863,-0.38472462,0.22003226,0.22003226,0.22003226
53.72465538978577,116.28666604036323,-0.018204752,-0.037512146,172.08162003547784,-2.6196376578587497,36.28645141677686,116.31665,98.025185,1163.3538,-0.19554655,-0.43887362,-0.5653302,0.21443345,0.21443345,0.21443345
53.865654706954956,116.29110548053355,-0.020622088,-0.045654487,171.94956755024086,-2.932940140153791,35.85371120646172,116.3083,98.02242,1163.3513,-0.23126435,-0.52354723,-0.663824,0.19525896,0.19525896,0.19525896
54.01565504074097,116.29792992122276,-0.020308765,-0.05372136,172.00459303930643,-2.966987719586342,36.255855576197135,116.30363,98.02231,1163.3635,-0.20000759,-0.39755294,-0.66485083,0.17275007,0.17275007,0.17275007
54.156654834747314,116.31634996156853,-0.016160207,-0.05247723,172.0407269371015,-3.0449329692234244,36.532671859241134,116.30556,98.03092,1163.4042,-0.117411286,-0.13526808,-0.5521078,0.16111161,0.16111161,0.16111161
54.29365515708923,116.33018662422457,-0.011495596,-0.037813663,171.82633955310718,-3.729178834361191,36.31731306591582,116.31164,98.03686,1163.4506,-0.04680653,0.10261179,-0.47719145,0.15992114,0.15992114,0.15992114
54.436655044555664,116.27575085371308,-0.004510766,-0.016535422,172.4495758733355,-1.8191732145654689,37.105297354084776,116.3012,98.03468,1163.3833,0.044366,0.3347648,-0.2767039,0.16450278,0.16450278,0.16450278
54.56565618515015,116.33517907486211,0.0003066473,0.0031400681,171.39657101622905,-5.2413655339839735,35.047373163088615,116.309784,98.02637,1163.3877,0.0913073,0.40105882,-0.1360686,0.17006354,0.17006354,0.17006354
54.72565507888794,116.31583593630339,0.004719209,0.023039421,172.00110691309956,-3.4068610923901708,36.65007814771955,116.31162,98.03207,1163.4088,0.0925812,0.2993816,-0.021917095,0.17254762,0.17254762,0.17254762
54.868656873703,116.31236888864464,0.0048311525,0.030613244,171.86773303140868,-3.444772887134542,35.886320935755684,116.31212,98.0303,1163.422,0.05686171,0.11332226,-0.0027085545,0.17082098,0.17082098,0.17082098
55.02065634727478,116.68357157982668,0.015082174,0.07601133,170.36163626092164,-10.786318283649656,40.95814092403346,116.41981,98.11202,1163.8138,-0.035333026,-0.34259167,0.22469614,0.17067859,0.17067859,0.17067859
55.167654514312744,116.34115807480957,0.024839457,0.12750804,172.0597174335708,-3.408200533636935,37.41127041053325,116.40972,98.108154,1163.7511,-0.14568497,-0.820265,0.3796968,0.18622841,0.18622841,0.18622841
55.312655448913574,116.3937349653784,0.03715875,0.18625845,171.53701282957016,-4.817220337688183,36.744815883252365,116.41311,98.10959,1163.8014,-0.20543487,-1.0843604,0.60907817,0.21694346,0.21694346,0.21694346
55.43965554237366,116.36069369526999,0.047881413,0.24128616,172.01839446473784,-3.6866934580502364,37.6651886595071,116.40415,98.10796,1163.7952,-0.25140715,-1.280643,0.81941915,0.25862408,0.25862408,0.25862408
55.57565498352051,116.2260076416949,0.056313634,0.27144718,172.38949144777982,-1.0126923267901706,36.293536039389515,116.356094,98.08382,1163.6324,-0.2508841,-1.2779104,1.0172698,0.3004736,0.3004736,0.3004736
55.717655420303345,116.29189434954354,0.039950166,0.17472619,172.59645008589808,-1.9515690717824772,38.30879297600457,116.33447,98.081955,1163.5557,-0.07842445,-0.5337298,0.8332255,0.31522062,0.31522062,0.31522062
55.85165572166443,116.3302448888428,0.02316112,0.08248776,172.15672590864688,-3.311938980438102,37.51569485393029,116.32854,98.07449,1163.529,0.089761205,0.17636141,0.6488317,0.32294527,0.32294527,0.32294527
55.99865508079529,116.29745156729805,0.0018878692,-0.037014224,171.90437991332425,-3.3416544474479872,36.10148333392066,116.31544,98.05587,1163.4489,0.2385068,0.80724066,0.3882358,0.3354365,0.3354365,0.3354365
56.13665509223938,116.23647366522063,-0.019663142,-0.16442911,172.4694987005304,-1.763927207262905,37.094811176902304,116.2881,98.04723,1163.3745,0.3744902,1.4026191,0.09497935,0.36225003,0.36225003,0.36225003
56.26965618133545,116.25409139876827,-0.036143422,-0.26935613,172.38697404544374,-2.321999010859155,38.000103016549296,116.271835,98.0363,1163.2029,0.45893654,1.7048943,-0.08263753,0.39713317,0.39713317,0.39713317
56.424654960632324,116.35053536864285,-0.0376311,-0.26861322,171.73000541178916,-4.288363218474938,37.0206397733032,116.28805,98.04106,1163.2922,0.36629626,1.3608853,-0.15121633,0.41550437,0.41550437,0.41550437
56.57765555381775,116.35896237555306,-0.036302887,-0.2536863,171.8006951057342,-4.159618485815685,37.270409530728784,116.305695,98.047585,1163.3895,0.2584351,0.989983,-0.20617436,0.42068687,0.42068687,0.42068687
56.705655574798584,116.3430449031881,-0.02843246,-0.1991116,171.96162566641186,-3.525597554110698,37.30176234141121,116.31646,98.052,1163.4419,0.15217815,0.5937007,-0.1539951,0.41605285,0.41605285,0.41605285
56.85065531730652,116.32191411418916,-0.017570358,-0.11651292,172.02522036874663,-3.298736452200286,37.117174668911346,116.31926,98.054535,1163.4714,0.022936085,0.10313266,-0.07120666,0.40859798,0.40859798,0.40859798
56.9776554107666,116.34694828580766,-0.010469225,-0.01608228,170.96728723513965,-6.259425996449847,34.66759977065059,116.328476,98.03468,1163.4148,-0.1459031,-0.41377905,-0.22778285,0.4075489,0.4075489,0.4075489
57.115655183792114,116.3515579151526,-0.005323675,0.050701667,171.59053757123866,-4.334531516044471,35.41836871960237,116.33709,98.03261,1163.4503,-0.24515462,-0.7120338,-0.367237,0.4130861,0.4130861,0.4130861
57.2666552066803,116.3492462419357,-0.0031047077,0.09078262,171.64286198852164,-4.365889504628815,35.94159737159034,116.34301,98.03456,1163.5049,-0.30751047,-0.89474094,-0.5242323,0.42434177,0.42434177,0.42434177
57.40365552902222,116.2456833525888,-0.005985492,0.08497713,172.46570968465272,-1.3049809976142426,36.910897885163116,116.31729,98.02986,1163.398,-0.32916594,-0.9054792,-0.7187528,0.43769434,0.43769434,0.43769434
57.5406551361084,116.29205706586356,-0.010186501,0.05647295,172.18931920154742,-2.4043274305834204,37.02175584711828,116.30878,98.03505,1163.3887,-0.30857232,-0.7704728,-0.8699974,0.4506961,0.4506961,0.4506961
57.68865609169006,116.29826488436521,-0.008782251,0.017769722,172.24674077585826,-2.528422059749625,37.418894383193646,116.30387,98.042305,1163.3801,-0.1628851,-0.29186347,-0.7091985,0.45601538,0.45601538,0.45601538
57.82265496253967,116.28289090046565,-0.0054276655,-0.026788749,172.26266879007125,-2.7758459630547865,37.655130722235725,116.295876,98.04583,1163.3296,0.0010426024,0.19560869,-0.38709986,0.4560933,0.4560933,0.4560933
57.948655128479004,116.30344072152334,-0.0018597806,-0.073556475,171.9451716547162,-3.5667977795951264,36.771849904061376,116.295746,98.04377,1163.3303,0.15906955,0.64277214,-0.004873485,0.45251012,0.45251012,0.45251012
58.08765625953674,116.32021252747033,0.004342032,-0.07203826,171.89420611434795,-3.7447242285524074,36.993685689470865,116.301125,98.046135,1163.365,0.23461775,0.77844226,0.3288164,0.44453284,0.44453284,0.44453284
58.216657400131226,116.3255608335169,0.0102362,-0.05906306,172.09541109844895,-3.5578235996962975,37.763725502386386,116.30759,98.05205,1163.3861,0.27462104,0.7622564,0.6265959,0.43070883,0.43070883,0.43070883
58.35265493392944,116.34065030192885,0.012890411,-0.04233482,172.1925024068085,-2.6861965607317795,37.56861766737171,116.31746,98.066284,1163.4495,0.23644343,0.54263693,0.72927654,0.41062483,0.41062483,0.41062483
58.499655961990356,116.2715829396101,0.013581936,-0.00871224,172.76711504050266,-0.9773190585675061,37.73192780343657,116.30556,98.06308,1163.4165,0.18945408,0.35494933,0.6889723,0.40609014,0.40609014,0.40609014
58.630656003952026,116.29449209881561,0.014692949,0.02964705,172.24272126566785,-2.7319211051526393,37.047370835246824,116.30197,98.05939,1163.3909,0.14587244,0.19490698,0.6084734,0.40574336,0.40574336,0.40574336
58.78065466880798,116.29527650861122,0.013382237,0.041248053,172.16614891688002,-2.757778028151637,36.81802711290839,116.29933,98.055275,1163.4069,0.14545108,0.2220117,0.5068115,0.40063593,0.40063593,0.40063593
58.932655334472656,116.29815083064985,0.010413756,0.04553105,172.04656963550653,-2.9328982320990415,36.558591306841464,116.29818,98.05086,1163.4111,0.14811084,0.33424982,0.32819277,0.38094938,0.38094938,0.38094938
59.11665487289429,116.28070490875751,0.0028831335,0.028866712,172.08874450585378,-2.4889672501989417,36.28096150807212,116.292404,98.04417,1163.4218,0.1426591,0.43042248,0.10797306,0.34747258,0.34747258,0.34747258
59.25065517425537,116.30968522558385,-0.002507972,0.018751193,172.14259627258193,-2.945967403933601,37.217168744611584,116.29621,98.0453,1163.439,0.091775365,0.34908402,-0.08598008,0.3237347,0.3237347,0.3237347
59.383655071258545,116.31119283474676,-0.0061341273,0.01874382,172.2811435053501,-2.7560468237542404,37.75567781280086,116.30012,98.05159,1163.4507,0.03905355,0.24286501,-0.2184444,0.31020048,0.31020048,0.31020048
59.513654947280884,116.30425177460465,-0.008929399,0.022117615,171.98809088962193,-2.981591814178094,36.12983609366335,116.30146,98.04625,1163.4701,-0.023388201,0.099119894,-0.33742598,0.30609056,0.30609056,0.30609056
59.66765546798706,116.2992470105681,-0.009694837,0.028127212,172.04475075053983,-3.019947352511534,36.56960497417314,116.30108,98.04381,1163.4783,-0.06911125,-0.04756457,-0.36316186,0.30764693,0.30764693,0.30764693
59.7966570854187,116.29391628960789,-0.0064176307,0.044988118,172.2536873967105,-2.47054693473019,36.948233877330885,116.29915,98.044174,1163.501,-0.09263506,-0.17119643,-0.29288453,0.30597597,0.30597597,0.30597597
59.95065498352051,116.32615075757641,-0.0022425805,0.05289716,172.13095987499923,-3.2789122534886808,37.744366120067106,116.30685,98.054344,1163.5184,-0.07816665,-0.18695907,-0.1703263,0.2969557,0.2969557,0.2969557
60.10165500640869,116.62242822137196,0.003037898,0.11578666,169.51767782654508,-11.496419521401405,35.931258727137354,116.398926,98.07871,1163.9264,-0.18637447,-0.5732948,-0.1787393,0.28550622,0.28550622,0.28550622
